title,link
Egg Fried Rice,https://panlasangpinoy.com/egg-fried-rice/
Pinoy Breakfast Omelet and Bacon Garlic Fried Rice,https://panlasangpinoy.com/pinoy-breakfast-omelet-and-bacon-garlic-fried-rice/
Loco Moco,https://panlasangpinoy.com/loco-moco-recipe/
Air Fryer Longganisa Frittata,https://panlasangpinoy.com/air-fryer-longganisa-frittata-recipe/
Tortilla Espanola Spanish Potato Omelet,https://panlasangpinoy.com/tortilla-espanola-potato-omelet-recipe/
Corned Beef Omelet,https://panlasangpinoy.com/tortang-corned-beef-omelet/
Chicken and Egg Macaroni Salad,https://panlasangpinoy.com/chicken-and-egg-macaroni-salad/
Sipo Eggs,https://panlasangpinoy.com/sipo-eggs-recipe/
Filipino Omelet,https://panlasangpinoy.com/filipino-omelet-recipe/
Tortang Tuna with Spinach Omelet,https://panlasangpinoy.com/tortang-tuna-with-spinach-omelet-recipe/
Ketogenic Bacon and Egg Salad,https://panlasangpinoy.com/ketogenic-bacon-and-egg-salad-recipe/
Eggplant Omelette,https://panlasangpinoy.com/eggplant-omelette/
Spinach Tomato and Cheese Omelette,https://panlasangpinoy.com/spinach-tomato-and-cheese-omelette/
Ham and Hotdog Omelette with Cheese,https://panlasangpinoy.com/ham-and-hotdog-omelette-with-cheese/
"Scrambled Eggs with Tomato, Onion, and Spinach",https://panlasangpinoy.com/scrambled-eggs-with-tomato-onion-and-spinach/
Ground Beef Omelet,https://panlasangpinoy.com/ground-beef-omelet/
Huevos Rancheros,https://panlasangpinoy.com/huevos-rancheros/
Ground Pork Kaldereta Omelet,https://panlasangpinoy.com/ground-pork-kaldereta-omelet/
Egg Sandwich Spread,https://panlasangpinoy.com/egg-sandwich-spread-recipe/
Deviled Egg,https://panlasangpinoy.com/deviled-egg-recipe/
Scrambled Eggs with Sun Dried Tomato and Bacon,https://panlasangpinoy.com/scrambled-eggs-with-sun-dried-tomato-and-bacon/
Special Pinoy Pork Chop Binalot Lunch Combo Meal,https://panlasangpinoy.com/special-pinoy-pork-chop-binalot-lunch-combo-meal-recipe/
Sarciadong Itlog,https://panlasangpinoy.com/sarciadong-itlog-recipe/
Eggs Benedict,https://panlasangpinoy.com/make-eggs-benedict/
Salted Eggs and Tomato Salad,https://panlasangpinoy.com/salted-eggs-tomato-salad/
Pinoy Scrambled Eggs,https://panlasangpinoy.com/pinoy-scrambled-eggs/
Egg Drop Soup,https://panlasangpinoy.com/egg-drop-soup/
Sausage and Egg Casserole with Hash Browns,https://panlasangpinoy.com/sausage-and-egg-casserole-with-hash-brown-recipe/
Ham and Cheese Quiche,https://panlasangpinoy.com/ham-and-cheese-quiche-recipe/
Bacon and Cheese Breakfast Casserole,https://panlasangpinoy.com/bacon-and-cheese-breakfast-casserole-recipe/
"Chicken Teriyaki, Brown Rice, and Sunny Side Up Egg",https://panlasangpinoy.com/chicken-teriyaki-brown-rice-sunny-side-up-egg/
Chicken Egg Fried Rice,https://panlasangpinoy.com/chicken-egg-fried-rice-recipe/
Panlasang Pinoy Omelet,https://panlasangpinoy.com/panlasang-pinoy-omelet/
Egg Salad,https://panlasangpinoy.com/easy-egg-salad/
Corn Soup with Quail Eggs,https://panlasangpinoy.com/corn-soup-with-quail-eggs/
Tuna and Zucchini Omelet,https://panlasangpinoy.com/tuna-and-zucchini-omelet/
Mushroom and Spinach Omelet,https://panlasangpinoy.com/mushroom-and-spinach-omelet/
Vegetable Omelet,https://panlasangpinoy.com/vegetable-omelet-recipe/
Tuna Frittata,https://panlasangpinoy.com/tuna-frittata-recipe/
Ground Beef Basil and Tomato Frittata,https://panlasangpinoy.com/ground-beef-basil-and-tomato-frittata/
Century Egg Congee with Salted Pork,https://panlasangpinoy.com/century-egg-congee-with-salted-pork/
Egg and Cheese English Muffin Sandwich,https://panlasangpinoy.com/egg-and-cheese-english-muffin-sandwich-recipe/
Sausage and Egg Waffle Sandwich,https://panlasangpinoy.com/sausage-and-egg-waffle-sandwich/
Scotch Eggs,https://panlasangpinoy.com/scotch-eggs/
Bacon Frittata,https://panlasangpinoy.com/how-to-cook-bacon-potato-and-cheese-frittata/
Bacon and Spinach Quiche,https://panlasangpinoy.com/bacon-and-spinach-quiche/
Tortang Dulong,https://panlasangpinoy.com/tortang-dulong-fish-omelet-recipe/
Egg Foo Young,https://panlasangpinoy.com/egg-foo-young-recipe/
Shrimp with Quail Eggs and Green Peas,https://panlasangpinoy.com/shrimps-with-quail-eggs-and-green-peas/
Tortang Giniling,https://panlasangpinoy.com/tortang-giniling-omelet-recipe/
Tokneneng Deep Fried Orange Chicken Egg,https://panlasangpinoy.com/tokneneng-filipino-street-food-recipe/
Ham and Spinach Omelet,https://panlasangpinoy.com/shared-recipe-ham-and-spinach-omelet/
Deviled Egg with Salmon,https://panlasangpinoy.com/dressed-appetizer-food-deviled-eggs-mimosa-with-salmon-recipe/
Crab Meat Omelette,https://panlasangpinoy.com/breakfast-dish-how-to-make-crabmeat-omelette-omelet/
Kwek Kwek Fried Orange Quail Eggs,https://panlasangpinoy.com/pinoy-street-food-orange-egg-tokneneng-qwek-kwek-kwek-recipe/
